appid,Name,January 2019,February 2019,March 2019,April 2019,May 2019,June 2019,July 2019,August 2019,September 2019,October 2019,November 2019,December 2019,January 2020,February 2020,March 2020,April 2020,May 2020,June 2020,July 2020,August 2020,September 2020,October 2020,November 2020,December 2020,January 2021,February 2021,March 2021,April 2021,May 2021,June 2021,July 2021,August 2021,September 2021,October 2021,November 2021,December 2021,January 2022,February 2022,March 2022,April 2022,May 2022,June 2022,July 2022,August 2022,September 2022,October 2022,November 2022,December 2022
220700.0,RPG Maker VX Ace,260.16,241.51,241.8,228.4,230.46,217.41,227.62,218.83,215.66,206.79,204.94,208.7,214.12,220.55,230.12,264.41,273.28,235.26,230.47,225.24,204.26,195.7,193.03,198.25,218.79,214.5,208.92,193.57,192.11,190.53,189.04,173.92,168.93,164.63,166.12,164.67,191.01,181.74,182.81,174.85,170.55,177.62,196.26,181.25,167.34,160.97,154.51,156.94
220980.0,CRYENGINE,1.38,1.5,1.36,1.33,0.38,0.73,0.48,0.43,0.53,0.31,0.16,0.1,0.04,0.06,0.05,0.06,0.03,0.04,0.04,0.02,0.05,0.06,0.03,0.05,0.03,0.02,0.02,0.05,0.0,0.01,0.02,0.02,0.04,0.02,0.01,0.03,0.04,0.01,0.02,0.02,0.02,0.02,0.01,0.04,0.02,0.0,0.01,0.04
228180.0,Action! - Gameplay Recording and Streaming,212.27,219.3,221.79,212.77,214.71,229.56,297.31,262.76,250.74,245.26,271.4,272.09,277.97,297.9,350.57,501.39,467.75,422.11,439.07,408.2,389.5,404.7,430.93,427.51,481.08,465.46,438.61,457.96,454.01,449.28,488.26,494.01,484.31,437.69,443.83,432.24,503.38,500.72,463.13,466.9,437.1,418.54,431.76,418.42,403.19,401.84,412.6,444.24
230780.0,articy:draft,7.56,6.57,6.91,5.86,6.1,6.47,6.57,9.04,7.41,6.62,5.54,5.42,6.6,5.76,4.42,7.07,5.87,6.09,5.93,3.87,4.24,5.34,4.2,6.0,5.39,4.53,4.66,4.66,3.77,3.84,3.44,2.81,3.74,2.87,3.12,3.22,4.15,4.27,4.87,2.9,3.26,2.63,2.4,2.0,2.19,2.37,2.46,2.53
234820.0,Driver Fusion - The Best Driver & Device Solution,17.29,17.73,38.33,40.28,37.81,35.19,34.1,29.98,29.92,29.8,26.61,24.57,39.58,48.52,49.39,52.17,49.52,50.45,47.06,47.5,43.2,44.89,41.47,44.09,40.01,33.72,33.97,33.37,34.57,34.82,37.4,33.77,34.27,31.88,29.76,32.99,30.77,29.98,31.26,31.57,33.34,32.24,32.75,27.87,30.13,31.56,29.58,30.85
235900.0,RPG Maker XP,78.08,72.21,81.96,73.21,73.97,75.19,93.2,86.14,70.87,65.02,71.32,94.6,89.05,85.11,88.49,106.37,124.94,112.63,133.84,127.29,113.96,107.91,120.32,140.75,146.69,147.63,147.47,141.82,139.71,128.94,137.38,132.02,120.82,110.05,117.92,137.81,150.62,145.68,146.33,148.89,150.79,164.55,166.97,148.7,130.85,151.86,143.73,154.14
243890.0,Mavis Beacon Teaches Typing Family Edition,0.52,1.47,1.1,0.5,0.73,0.24,0.64,0.44,1.18,0.19,0.26,0.19,0.17,0.38,0.46,0.25,0.44,0.67,0.37,0.56,0.6,0.91,1.17,0.84,0.95,0.62,0.69,0.44,0.85,0.45,0.74,0.83,0.67,0.79,1.2,1.18,1.02,1.08,0.84,0.76,1.0,1.12,1.57,0.79,1.41,2.78,2.46,1.72
248170.0,Clickteam Fusion 2.5,112.31,112.49,115.33,112.46,104.12,110.55,116.18,107.53,98.16,99.11,109.61,111.25,121.14,119.5,130.61,146.07,139.79,128.07,129.25,126.21,114.19,113.35,118.41,114.27,124.11,128.18,126.27,120.93,113.23,117.15,110.42,115.28,109.17,114.81,109.84,111.87,143.28,139.5,127.86,125.19,117.81,113.07,120.66,121.78,112.2,108.36,110.97,123.91
251810.0,Leadwerks Game Engine,,,,,,,,,,,,,,,,,,,,,,,,,,,,,,,,,,,,,,,,,,,,,,,,
253050.0,Camtasia - Subscription,,,,,,,,,,,,,,,,,,,,,,,,,,,,,,,,,,,,,,,,,,,,,,,,
253370.0,Axis Game Factory's AGFPRO v3,,,,,,,,,,,,,,,,,,,,,,,,,,,,,,,,,,,,,,,,,,,,,,,,
266310.0,GameGuru Classic,19.56,17.61,59.95,24.28,19.73,23.79,29.77,16.35,18.15,16.42,17.49,20.42,21.44,20.9,25.25,30.47,26.01,21.58,18.6,18.96,36.09,21.08,19.42,20.68,24.5,23.16,19.19,17.69,19.56,14.5,24.16,13.23,14.4,16.57,15.6,16.22,15.25,24.85,20.06,19.76,13.91,14.35,13.66,11.73,9.05,9.2,9.4,10.63
269570.0,Gamer To Game Developer Series 1: More Than a Gamer,,,,,,,,,,,,,,,,,,,,,,,,,,,,,,,,,,,,,,,,,,,,,,,,
288270.0,liteCam HD 5.0: Screen/Stream Capture,,,,,,,,,,,,,,,,,,,,,,,,,,,,,,,,,,,,,,,,,,,,,,,,
292350.0,Gamer To Game Developer Series 2: Learn Unity 2D,,,,,,,,,,,,,,,,,,,,,,,,,,,,,,,,,,,,,,,,,,,,,,,,
315240.0,liteCam Android: No Root Android Screen Recorder,,,,,,,,,,,,,,,,,,,,,,,,,,,,,,,,,,,,,,,,,,,,,,,,
322410.0,Bin Weevils Arty Arcade,,,,,,,,,,,,,,,,,,,,,,,,,,,,,,,,,,,,,,,,,,,,,,,,
325180.0,AppGameKit Classic: Easy Game Development,12.61,11.64,9.73,11.39,41.21,38.39,32.53,12.42,11.98,10.77,9.11,12.17,12.31,10.34,12.17,13.47,13.02,9.6,8.67,7.95,7.06,19.2,10.84,9.84,8.68,9.34,9.7,8.22,6.58,5.73,5.85,6.73,6.31,5.83,5.97,6.81,7.13,5.61,6.5,6.33,4.87,5.73,5.78,3.8,4.71,2.85,3.2,3.42
329890.0,MyRPG Master,0.94,1.02,0.59,0.6,0.6,1.51,1.17,1.42,1.24,0.17,0.39,0.33,0.6,0.53,0.82,0.43,0.47,0.31,0.64,1.23,0.33,0.42,0.32,0.31,0.46,0.23,0.22,0.19,0.27,0.05,0.1,0.03,0.04,0.08,0.06,0.03,0.1,0.13,0.11,0.13,0.01,0.02,0.06,0.07,0.04,0.3,0.61,0.9
345300.0,Wildlife Creative Studio,,,,,,,,,,,,,,,,,,,,,,,,,,,,,,,,,,,,,,,,,,,,,,,,
345310.0,My Family Creative Studio,,,,,,,,,,,,,,,,0.03,0.06,0.07,0.16,0.09,0.02,0.01,0.11,0.27,0.03,0.03,0.05,0.06,0.04,0.06,0.04,0.08,0.04,0.04,0.08,0.07,0.17,0.08,0.06,0.08,0.06,0.07,0.0,0.03,0.01,0.02,0.01,0.0
349280.0,Panda School Browser,,,,,,,,,,,,,,,,,,,,,,,,,,,,,,,,,,,,,,,,,,,,,,,,
355500.0,Leadwerks Game Launcher,,,,,,,,,,,,,,,,,,,,,,,,,,,,,,,,,,,,,,,,,,,,,,,,
362870.0,RPG Maker 2003,28.88,28.89,28.48,25.41,24.21,25.61,24.6,24.82,22.75,22.48,23.79,26.51,25.1,26.09,27.75,30.59,35.0,29.94,29.19,31.99,30.13,30.04,30.36,29.48,34.44,30.21,26.72,24.38,28.12,30.56,44.01,29.82,27.58,33.44,32.98,33.06,34.08,34.55,32.68,31.02,32.92,33.81,37.62,34.66,29.66,31.01,32.46,34.33
363890.0,RPG Maker MV,979.08,936.58,1058.29,903.2,950.95,908.48,1059.12,913.75,909.99,874.77,892.86,967.26,1015.31,1104.69,1109.95,1191.8,1338.07,1095.05,1216.08,1144.92,1008.38,886.72,890.47,889.71,988.9,949.09,970.26,915.38,925.43,863.82,941.57,882.58,815.13,806.4,878.41,868.97,936.82,871.57,831.4,872.11,797.1,805.17,904.62,828.52,772.0,752.25,740.27,751.37
364970.0,CopperCube 5 Game Engine,,,,,,,,,,,,,,,,,,,,,,,,,,,,,,,,,,,,,,,,,,,,,,,,
365440.0,Platfinity™,,,,,,,,,,,,,,,,,,,,,,,,,,,,,,,,,,,,,,,,,,,,,,,,
366530.0,Esenthel Engine,,,,,,,,,,,,,,,,,,,,,,,,,,,,,,,,,,,,,,,,,,,,,,,,
368470.0,GeoVox,,,,,,,,,,,,,,,,,,,,,,,,,,,,,,,,,,,,,,,,,,,,,,,,
369190.0,Shoot 'Em Up Kit,,,,,,,,,,,,,,,,,,,,,,,,,,,,,,,,,,,,,,,,,,,,,,,,
372980.0,MasterCook 15,,,,,,,,,,,,,,,,,,,,,,,,,,,,,,,,,,,,,,,,,,,,,,,,
373000.0,Family Tree Heritage Platinum 9,,,,,,,,,,,,,,,,,,,,,,,,,,,,,,,,,,,,,,,,,,,,,,,,
377000.0,AnyTime® Organizer Deluxe 15,,,,,,,,,,,,,,,,,,,,,,,,,,,,,,,,,,0.1,0.04,0.1,0.1,0.03,0.37,0.01,0.17,0.09,0.0,0.02,0.02,0.03,0.0,0.01
377010.0,Easy Spanish™ Platinum,,,,,,,,,,,,,,,,,,,,,,,,,,,,,,,,,,,,,,,,0.01,0.22,0.04,0.01,0.29,0.67,0.03,0.0,0.04
377030.0,Easy English™ Platinum,,,,,,,,,,,,,,,,,,,,,,,,,,,,,,,,,,,,,,,,,,,,,,,,
383730.0,RPG Maker 2000,3.09,2.93,2.46,2.43,4.14,3.83,2.38,3.48,3.13,4.77,5.27,3.78,4.79,4.92,3.58,4.51,5.37,5.32,5.05,5.21,4.55,3.57,5.09,5.91,7.79,8.12,5.82,7.21,7.48,6.75,7.85,6.87,7.88,4.95,5.95,5.88,7.81,7.61,7.1,6.18,6.15,7.97,7.55,6.49,6.21,5.43,6.72,6.88
388600.0,articy:draft 3 - Flex License,,,,,,,,,,,,,,,,,,,,,,,,,,,,,,,,,,,,,,,,,,,,,,,,
393320.0,Typing Instructor Platinum 21,0.67,0.47,0.74,0.76,0.35,0.37,0.42,0.47,0.24,0.24,0.46,0.2,0.24,0.13,0.87,1.09,0.79,0.57,0.61,0.8,1.74,1.43,0.71,1.12,1.3,0.79,0.82,1.37,0.69,1.25,0.81,1.52,1.03,1.01,1.32,1.06,0.98,0.79,1.64,1.38,1.21,1.29,1.09,1.6,1.37,1.27,1.13,1.22
393330.0,Typing Instructor for Kids Platinum 5,0.17,0.09,0.21,0.39,0.15,0.8,1.06,0.75,0.82,1.36,1.46,0.93,1.65,1.17,1.21,1.63,1.27,1.91,1.66,1.25,1.24,1.83,1.46,1.8,3.0,2.76,2.27,1.66,2.36,1.63,1.21,1.84,1.44,1.07,1.56,1.18,1.09,0.84,1.45,1.79,0.85,1.13,1.92,1.5,1.18,1.51,1.13,0.86
398240.0,eMedia Interactive Rock Guitar,0.2,0.01,0.2,0.08,0.15,0.01,0.05,0.13,0.12,0.09,0.05,0.32,0.15,0.03,0.59,0.26,0.04,0.14,0.14,0.08,0.23,0.22,0.05,0.05,0.03,0.05,0.06,0.04,0.06,0.07,0.05,0.03,0.08,0.04,0.05,0.08,0.04,0.09,0.04,0.08,0.06,0.31,0.37,1.14,1.11,0.46,0.91,0.42
400650.0,eMedia Guitar Method,,,,,,,,,,,,,,,,,,,,,,,,,,,,,,,,,,,,,,,,,,,,,,,,
415000.0,Gamer To Game Developer Series 3: Make A Game,,,,,,,,,,,,,,,,,,,,,,,,,,,,,,,,,,,,,,,,,,,,,,,,
415140.0,PD Howler 10,,,,,,0.77,0.2,0.32,0.36,0.29,0.36,0.61,0.92,0.39,0.66,0.33,0.53,0.44,0.22,0.35,0.75,0.22,0.15,0.13,0.14,0.09,0.12,0.2,0.04,0.05,0.05,0.16,0.11,0.05,0.06,0.11,0.13,0.14,0.12,0.11,0.08,0.14,0.12,0.21,0.08,0.07,0.9,0.95
419450.0,Resume Maker® for Windows,,,,,,,,,,,,,,,,,,,,,,,,,,,,,,,,,,,,,,,,,,,,,,,,
420130.0,AnyTime Organizer Standard 15,,,,,,,,,,,,,,,,,,,,,,,,,,,,,,,,,,,,,,,,,,,,,,,,
433930.0,MARI indie 3.0,,,,,,,,,,,,,,,,,,,,,,,,,,,,,,,,,,,,,,,,,,,,,,,,
435060.0,GameLooper,,,,,,,,,,,,,,,,,,,,,,,,,,,,,,,,,,,,,,,,,,,,,,,,
436740.0,Hunger,,,,,,,,,,,,,,,,,,,,,,,,,,,,,,,,,,,,,,,,,,,,,,,,
438110.0,CV Maker for Windows,,,,,,,,,,,,,,,,,,,,,,,,,,,,,,,,,,,,,,,,,,,,,,,,
443970.0,S2ENGINE HD,1.46,1.44,1.2,1.77,0.98,1.05,0.91,1.04,1.11,1.29,1.33,1.95,3.38,2.78,2.94,2.3,2.5,2.29,2.29,2.22,1.72,2.19,1.77,2.26,2.28,1.79,2.44,1.76,2.53,1.55,1.68,1.4,1.14,1.5,1.52,1.3,1.58,1.49,1.43,1.36,1.19,1.39,1.3,1.1,0.97,1.28,1.09,1.09
446060.0,akeytsu Indie 2017,,,,,,,,,,,,,,,,,,,,,,,,,,,,,,,,,,,,,,,,,,,,,,,,
449130.0,ENGAGE,1.18,1.12,1.33,1.15,1.76,0.82,1.1,1.15,0.99,1.45,1.81,1.36,1.34,1.88,4.17,4.15,3.29,3.79,3.39,2.49,3.43,3.05,3.56,2.53,2.68,3.73,2.14,2.82,4.12,2.48,2.55,2.44,3.88,3.06,1.84,1.82,1.71,1.83,1.91,1.57,1.53,1.78,2.21,1.36,1.56,2.27,2.54,1.32
452940.0,Theory Test UK 2016/17 - Driving Test Success,,,,,,,,,,,,,,,,,,,,,,,,,,,,,,,,,,,,,,,,,,,,,,,,
452950.0,Hazard Perception Test UK 2016/17 Bundle - Driving Test Success,,,,,,,,,,,,,,,,,,,,,,,,,,,,,,,,,,,,,,,,,,,,,,,,
458200.0,Rumpus,,,,,,,,,,,,,,,,,,,,,,,,,,,,,,,,,,,,,,,,,,,,,,,,
458360.0,eMedia Piano and Keyboard Method,,,,,,,,,,,,,,,,,,,,,,,,,,,,,,,,,,,,,,,,,,,,,,,,
460470.0,Hindenburg VR,,,,,,,,,,,,,,,,,,,,,,,,,,,,,,,,,,,,,,,,,,,,,,,,
461540.0,Typing Instructor for Kids Platinum 5 - Mac,,,,,,,,,,,,,,,,,,,,,,,,,,,,,,,,,,,,,,,,,,,,,,,,
478000.0,Qantas VR,,,,,,,,,,,,0.86,0.97,0.65,0.42,0.15,0.14,0.1,0.02,0.03,0.05,0.08,0.09,0.07,0.03,0.06,0.08,0.12,0.08,0.01,0.01,0.09,0.01,0.03,0.01,0.02,0.11,0.12,0.17,0.5,1.01,0.15,0.01,0.04,0.6,0.67,0.4,0.3
478960.0,Clickteam Fusion 2.5 Free Edition,3.64,3.4,3.53,2.14,2.69,3.83,4.64,3.25,1.55,2.23,3.46,2.43,3.45,3.82,3.71,4.21,5.45,5.07,2.58,3.32,3.57,3.68,3.76,2.61,3.33,3.79,3.72,3.86,3.68,2.76,2.75,3.39,2.05,3.02,3.44,3.58,13.97,8.7,7.17,9.56,4.03,4.29,3.77,4.84,2.96,3.66,4.77,4.18
479010.0,Kodon,,,,,,,,,,,,,,,,,,,,,,,,,,,,,,,,,,,,,,,,,,,,,,,,
486670.0,Easy French™ Platinum,,,,,,,,,,,,,,,,,,,,,,,,,,,,,,,,,,,,,,,,,,,,,,,,
493430.0,Nanome,,,,,,,,,,,,,,,,,,,,,,,,,,,,,,,,,,,,,,,,,,,,,,,,
497310.0,PD Particles 9,,,,,,,,,,,,,,,,,,,,,,,,,,,,,,,,,,,,,,,,,,,,,,,,
500470.0,Emergence ᵠ,,,,,,,,,,,,,,,,,,,,,,,,,0.39,0.14,0.08,0.13,0.16,0.09,0.06,0.07,0.09,0.07,0.04,0.53,0.04,0.28,0.18,0.02,0.04,0.01,0.01,0.97,0.52,0.12,0.01,0.01
501620.0,CyberLink PowerDirector 15 Ultimate,,,,,,,,,,,,,,,,,,,,,,,,,,,,,,,,,,,,,,,,,,,,,,,,
504010.0,Chernobyl VR Project,,,,,,,,,,,,,,,,,,,,,,,,,,,,,,,,,,,,,,,,,,,,,,,,
504650.0,MasterpieceVR,,,,,,,,,,,,,,,,,,,,,,,,,,,,,,,,,,,,,,,,,,,,,,,,
511360.0,UNCORPOREAL - Holographic Photography Demo,,,,,,,,,,,,,,,,,,,,,,,,,,,,,,,,,,,,,,,,,,,,,,,,
520210.0,DreamDesk VR,,,,,,,,,,,,,,,0.22,0.06,0.08,0.2,0.41,0.55,0.07,0.35,0.11,0.1,0.04,0.15,0.03,0.03,0.62,0.66,0.69,0.13,0.11,0.1,0.05,0.57,0.01,0.13,0.23,0.43,0.36,0.01,0.02,0.01,0.74,0.01,0.01,0.05
520350.0,Remembering Pearl Harbor,,,,,,,,,,,,,,,,,,,,,,,,,,,,,,,,,,,,,,,,,,,,,,,,
521880.0,RPG Maker VX,6.66,5.15,5.43,5.19,5.93,5.65,5.74,5.77,5.42,10.98,6.09,5.81,5.47,7.36,6.0,6.48,7.3,7.1,6.84,8.58,6.03,7.42,7.98,7.59,10.34,8.54,8.55,7.94,8.43,7.53,7.97,7.46,5.97,6.54,7.83,8.37,9.76,9.47,16.86,13.5,11.46,9.67,10.9,9.43,9.61,9.92,9.91,9.6
523220.0,Virtual Race Car Engineer 2016,,,,,,,,,,,,,,,,,,,,,,,,0.2,0.01,0.02,0.01,0.14,0.1,0.01,0.04,0.08,0.13,0.04,0.07,0.01,0.05,0.1,0.02,0.14,0.02,0.14,0.06,0.01,0.12,0.01,0.01,0.01
523410.0,Ozapell Basic,,,,,,,,,,,,,,,,,,,,,,,,,,,,,0.08,0.03,0.04,0.03,0.07,0.04,0.02,0.11,0.05,0.0,0.02,0.07,0.04,0.07,0.01,0.03,0.01,0.05,0.05,0.01
528790.0,Francois BOUILLE,,,,,,,,,,,,,,,,,,,,,,,,,,,,,,,,,,,,,,,,,,,,,,,,
539010.0,7VR Wonders,,,,,,,,,,,,,,,,,,,,,,,,,,,,,,,,,,,,,,,,,,,,,,,,
544880.0,Limelight VR,,,,,,,,,,,,,,,,,,,,,,,,,,,,,,,,,,,,,,,,,,,,,,,,
547120.0,Simmetri,,,,,,,,,,,,,,,,,,,,,,,,,,,,,,,,,,,,,,,,,,,,,,,,
547280.0,Calcflow,,,,,,,,,,,,,,,,,,,,,,,,,,,,,,,,,,,,,,,,,,,,,,,,
548010.0,3D Organon VR Anatomy 2018,,,,,,,,,,,,,,,,,,,,,,,,,,,,,,,,,,,,,,,,,,,,,,,,
551960.0,DatavizVR Demo,,,,,,,,,,,,,,,,,,,,,,,,,,,,,,,,,,,,,,,,,,,,,,,,
561490.0,House of Meditation,,,,,,,,,,,,,,,,,,,,,,,,,,,,,,,,,,,,,,,,,,,,,,,,
566130.0,Witly - language tutoring in VR,,,,,,,,,,,,,,,,,,,,,,,,,,,,,,,,,,,,,,,,,,,,,,,,
570090.0,articy:draft 3,12.76,11.11,10.73,9.43,10.1,12.23,15.95,12.39,12.36,11.06,10.41,10.38,10.47,11.91,12.21,11.62,11.75,11.91,11.41,10.08,8.55,9.02,9.25,10.08,10.41,10.49,9.69,12.68,9.49,8.87,12.03,13.94,15.41,13.87,13.65,12.9,16.97,15.25,14.26,13.71,15.38,13.34,13.57,12.25,13.31,13.56,10.66,11.06
571040.0,PD Artist 10,,,,,,,,,,,,,,0.27,0.17,0.22,0.22,0.36,0.57,0.6,0.5,0.22,0.14,0.25,0.25,0.09,0.1,0.08,0.13,0.07,0.15,0.32,0.24,0.17,0.35,0.18,0.46,0.6,0.18,0.11,0.17,0.1,0.23,0.34,0.64,0.47,0.18,0.78
577060.0,Everyday Anatomy VR,,,,,,,,,,,,,,,,,,,,,,,,,,,,,,,,,,,,,,,,,,,,,,,,
583200.0,Vision Therapy VR,,,,,,,,,,,,,,,,,,,,,,,,,,,,,,,,,,,,,0.1,0.08,0.01,0.01,0.02,0.01,0.01,0.01,0.01,0.03,0.05,0.01
583510.0,Air Rage,,,,,,,,,,,,,,,,,,,,,,,,,,,,,,,,,,,,,,,,,,,,,,,,
583620.0,3D Organon Anatomy,2.0,2.13,2.07,1.34,1.53,1.22,1.44,1.21,1.84,2.61,2.2,2.25,1.61,1.7,2.2,2.54,2.61,2.2,1.74,1.34,2.72,2.61,2.84,1.32,2.3,2.09,1.85,2.28,2.18,2.36,1.81,1.82,2.15,2.57,2.8,2.12,2.07,1.63,2.18,2.52,2.44,2.26,2.43,2.0,2.75,1.98,2.42,2.09
585410.0,GameMaker Studio 2 Desktop,161.63,157.04,146.63,144.83,140.69,135.45,173.3,161.52,175.42,184.84,178.15,187.61,204.78,215.69,226.9,256.45,258.84,240.33,257.63,241.33,269.71,228.43,212.61,222.03,257.81,247.14,235.37,245.68,225.04,223.82,247.46,257.37,208.99,206.46,196.9,186.27,213.94,198.17,196.02,214.74,202.4,153.55,174.1,161.29,149.53,149.65,139.06,136.64
585600.0,GameMaker Studio 2 Web,,,,,,,,,,,,,,,,,,,,,,,,,,,,,,,,,,,,,,,,,,,,,,,,
585610.0,GameMaker Studio 2 UWP,0.45,0.42,0.4,0.35,0.45,0.13,0.22,0.32,0.19,0.23,0.28,0.31,0.22,0.22,0.2,0.39,0.37,0.41,0.35,0.67,1.17,0.97,0.92,1.11,0.94,1.15,1.51,0.96,0.9,1.3,0.56,0.97,0.86,0.35,0.85,1.52,1.1,0.6,1.18,1.08,1.24,1.57,1.49,1.05,1.05,1.26,0.97,0.78
585620.0,GameMaker Studio 2 Mobile,8.47,8.42,8.31,8.12,10.17,11.02,13.41,11.63,17.17,16.11,16.82,16.73,19.02,20.26,21.77,23.02,21.1,21.55,19.29,16.35,18.32,16.35,18.49,16.51,18.23,16.1,13.9,15.18,13.47,14.75,16.13,16.72,14.62,11.59,10.41,9.29,9.92,10.49,10.23,9.5,9.51,8.61,7.45,7.54,6.28,5.79,5.89,5.2
588350.0,VR Meditation SkyRun,,,,,,,,,,,,,,,,,,,,,,,,,,,,,,,,,,,,,,,,,,,,,,,,
588720.0,Easy German™ Platinum,,,,,,,,,,,,,,,,,,,,,,,,,,,,,,,,,,,,,,,,,,,,,,,,
592450.0,FERIT Simulator,,,,,,,,,,,,,,,,,,,,,,,,,,,,,,,,,,,,,,,,,,,,,,,,
597910.0,Quantum Engine,,,,,,,,,,,,,,,,,,,,,,,,,,,,,,,,,,,,,,,,,,,,,,,,
601890.0,PD Howler 11,,,,,,,,,,,,,,,,,,,,,,,,,,,,,,,,,,,,,,,,,,,,,,,,
608000.0,Buzz Aldrin: Cycling Pathways to Mars,,,,,,,,,,,,,5.68,1.21,1.53,1.0,0.46,0.32,0.31,0.28,0.32,0.23,0.27,0.22,0.31,0.2,0.15,0.34,0.09,0.62,0.31,0.15,0.19,0.37,0.27,0.18,0.65,0.27,0.42,0.32,0.21,0.29,0.45,0.65,0.61,0.6,0.62,0.26
619250.0,Gonio VR,,,,,,,,,,,,,,,,,,,,,,,,,,0.02,0.01,0.05,1.09,0.43,0.09,0.52,5.75,4.84,0.4,0.03,0.01,0.24,0.16,0.18,0.13,0.29,0.28,0.14,0.04,0.59,0.25,0.22
620040.0,Multiplicity,,,,,,,,,,,,,,,,,,,,,,,,,,,,,,,,,,,,,,,,,,,,,,,,
625190.0,Great Pyramid VR,,,,,,,,,,,,,,,,,,,,,,,,,,,,,,,,,,,,,,,,,,,,,,,,
625480.0,LIV: VIVR,,,,,,,,,,,,,,,,,,,,,,,,,0.19,0.11,0.04,0.03,0.02,0.02,0.01,0.04,0.05,0.09,0.22,0.42,2.08,2.73,1.28,0.59,0.49,0.02,0.13,0.11,0.23,0.33,0.19,0.14
630510.0,PsychLabVR,,,,,,,,,,,,,,,,,,,,,,,,,,,,,,,,,,,,,,,,,,,,,,,,
633300.0,GlobalMap Astro,,,,,,,,,,,,,,,,,,,,,,,,,,,,,,,,,,,,,,,,,,,,,,,,
638310.0,Family Tree Heritage™ Platinum 15 – Windows,,,,,,,,,,,,,,,,,,,,,,,0.28,0.48,0.34,0.15,0.31,0.24,0.22,0.1,0.53,0.32,0.01,0.51,0.27,0.07,0.2,0.09,0.09,0.05,0.03,0.09,0.03,0.05,0.12,1.19,0.88,0.87
638920.0,BeanVR—The Social VR APP,,,,,,,,,,,,,,2.19,2.12,0.74,0.92,0.16,0.11,0.35,1.65,0.88,0.37,0.19,0.25,0.41,0.16,0.11,0.27,0.33,0.62,0.37,0.42,0.22,0.45,0.43,0.51,0.5,0.5,0.18,0.45,0.68,0.88,0.51,0.41,0.59,0.41,0.48
650090.0,VeeR VR:VR Video and Movie Platform,,,,,,,,,,,,,,,,,,,,,,,,,,,,,,,,,,,,,,,,,,,,,,,,
650460.0,After Solitary,,,,,,,,,,,,,,,,,,,,,,,,,,,,,,,,,,,,,,,,,,,,,,,,
655580.0,Micro Cosmic Worlds,,,,,,,,,,,,,,,,,,,,,,,,,,,,,,,,,,,,,,,,,,,,,,,,
656770.0,Douarnenez VR,,,,,,,,,,,,,,,,,,,,,,,,,,,,,,,,,,,,,,,,,,,,,,,,
667110.0,Altar Show,,,,,,,,,,,,,,,,,,,,,,,,,,,,,,,,,,,,,,,,,,,,,,,,
668020.0,Hindenburg 3D,,,,,,,,,,,,,,,,,,,,,,,,,,,,,,,,,,,,,,,,,,,,,,,,
668030.0,Blue Flame VR,,,,,,,,,,,,,,,,,,,,,,,,,,,,,,,,,,,,,,,,,,,,,,,,
668490.0,VR conference,,,,,,,,,,,,,,,,,,,,,,,,,,,,,,,,,,,,,,,,,,,,,,,,
668660.0,CUR3D Steam Edition,0.77,1.12,0.42,0.93,0.78,0.97,0.99,1.34,0.88,1.27,0.87,0.51,0.38,0.69,0.36,0.4,1.44,1.33,1.23,1.47,0.8,0.91,0.73,0.79,1.75,1.5,1.3,1.19,0.93,1.67,1.13,0.93,1.07,1.0,0.81,0.76,0.97,1.02,1.22,1.2,1.19,1.06,1.07,0.89,1.35,1.19,1.27,1.34
672760.0,Oneiric Masterpieces - Paris,,,,,,,,,,,,,,,,,,,,,,,,,,,,,,,,,,,,,,,,,,,,,,,,
677310.0,MyMoney,,,,,,,,,,,,,,,,,,,,,,,,,,,,0.2,0.52,0.19,0.43,0.15,0.01,0.23,0.01,0.14,0.03,0.12,0.07,0.06,0.01,0.07,0.01,0.01,0.3,0.42,0.75,0.94
683880.0,VR Robotics Simulator,,,,,,,,,,,,,,,,,,,,,,,,,,,,,,,,,,,,,,,,,,,,,,,,
692500.0,PianoBoard Server,,,,,,,,,,,,,,,,,,,,,,,,,,,,,,,,,,,,,,,,,,,,,,,,
707280.0,ResumeMaker® Professional Deluxe 20,,,,,,,,,,,,,,,,,,,,,,,,,,,,,,,,,,,,,,,,,,,,,,,,
710360.0,Personality Psychology Premium,,,,,,,,,,,,,,,,,,,,,,,,,,,,,,,,,,,,,,,,,,,,,,,,
714030.0,StudyX - Save Game Codes & Study Any Subject,,,,,,,,,,,,,,,,,,,,,,,,,,,,,,,,,,,,,,,,,,,,,,,,
716140.0,PALEO museum VR,,,,,,,,,,,,,,,,,,,,,,,,,,,,,,,,,,,,,,,,,,,,,,,,
724460.0,Palm Reading Premium,,,,,,,,,,,,,,,,,,,,,,,,,,,,,,,,,,,,,,,,,0.1,0.01,0.02,0.09,0.01,0.08,0.01,0.01
724590.0,Sharecare YOU VR,,,,,,,,,,,,,,,,,,,,,,,,,,,,,0.57,0.66,0.47,0.96,0.86,0.82,1.01,1.61,0.94,1.35,1.1,3.65,2.43,2.06,1.3,1.32,1.07,1.14,2.15,1.23
725610.0,foreverloops LONGPLAY,,,,,,,,,,,,,,,,,,,,,,,,,,,,,,,,,,,,,,,,,,,,,,,,
727030.0,Museu do Círio de Nazaré em Realidade Virtual,,,,,,,,,,,,,,,,,,,,,,,,,,,,,,,,,,,,,,,,,,,,,,,,
728920.0,Tarot Readings Premium,,,,,,,,,,,,,,,,,,,,,,,,,,,,,,,,,,,,,,,,,,,,,,,,
730360.0,Sharecare VR 2017,1.67,1.06,0.75,1.31,3.34,3.48,2.91,4.53,4.6,2.94,2.73,4.47,3.01,2.89,5.34,5.18,3.55,3.64,3.23,2.75,3.42,1.66,0.61,1.67,1.0,2.06,2.46,1.79,1.04,0.9,1.01,1.13,1.2,0.99,0.96,0.77,1.18,1.2,1.6,1.78,1.08,1.19,1.49,1.08,1.35,0.86,0.97,1.34
737820.0,High Mountain Roller Coaster VR,,,,,,,,,,,,,,,,,,,,,,,,,,,,,,,,,,,,,,,,,,,,,,,,
738100.0,Becoming Homeless: A Human Experience,,,,,,,,,,,,,,,,,,,,,,,,,,,,,,,,,,,,,,,,,,,,,,,,
738310.0,The VU,,,,,,,,,,,,,,,,,,,,,,,,,,,,,,,,,,,,,,,,,,,,,,,,
740250.0,Neos VR,3.94,5.12,5.75,7.57,8.72,10.13,13.42,15.57,13.5,12.48,13.28,19.94,19.47,23.52,29.99,32.97,35.97,43.1,52.84,57.41,60.07,68.93,79.36,84.58,109.68,118.11,123.0,153.29,172.32,164.12,178.33,170.8,180.95,182.56,168.52,168.7,181.53,194.9,172.53,165.9,154.68,139.8,240.21,289.18,205.7,179.61,173.74,171.01
751160.0,Hazard Perception Test UK 2017/18 Bundle - Driving Test Success,,,,,,,,,,,,,,,,,,,,,,,,,,,,,,,,,,,,,,,,,,,,,,,,
751170.0,Driving Theory Test UK 2017/18 - Driving Test Success,,,,,,,,,,,,,,,,,,,,,,,,,,,,,,,,,,,,,,,,,,,,,,,,
753200.0,Sharecare YOU,,,,,,,,,,,,,,,,,,,,,,,,,,,,,,,0.46,0.45,0.87,0.49,0.59,1.02,0.77,1.25,0.83,1.09,1.32,1.59,1.53,1.86,1.18,1.02,1.15,1.49
754010.0,"MEDICALHOLODECK. Virtual Reality for Surgical Teaching, Anatomy Training, and Medical Education",,,,,,,,,,,0.18,0.09,0.09,0.21,0.12,0.06,0.12,0.71,0.05,0.08,0.11,0.08,0.11,0.29,0.33,0.54,0.73,0.53,0.49,0.37,0.16,0.15,0.62,0.65,0.56,0.61,0.52,0.61,0.24,1.1,0.82,0.84,0.87,0.91,1.29,0.7,0.99,0.86
755370.0,Smart Junior Academy - Summer,,,,,,,,,,,,,,,,,,,,,,,,,,,,,,,,,,,,,,,,,,,,,,,,
763860.0,Surgera VR,,,,,,,,,,,,,,,,,,,,,,,,,,,1.72,0.59,0.14,0.17,0.07,0.18,0.13,0.16,0.08,0.08,0.24,0.22,0.23,0.21,0.4,0.28,0.4,0.09,0.1,1.47,0.3,0.16
767240.0,BASIC8,,,,,,,,,,,,0.02,0.54,0.58,0.38,0.51,0.93,0.56,0.85,0.17,0.39,0.1,0.45,0.67,0.46,0.49,0.57,0.38,0.3,0.22,0.26,0.18,0.17,0.58,0.58,0.99,0.91,1.09,0.62,1.15,0.79,0.97,0.94,0.97,1.01,0.94,0.85,1.27
774231.0,The Kremer Collection VR Museum,,,,,,,,,,,,,,,,,,,,,,,,,,,,,,,,,,,,,,,,,,,,,,,,
778060.0,Specter,,,,,,,,,,,,,,,,,,,,,,,,,,,,,,,,,,,,,,,,,,,,,,,,
779120.0,Satori Sounds VR,,,,,,,,,,,,,,,,,,,,,,,,,,,,,,,,,,,,,,,,,,,,,,,,
779960.0,BM Studio,,,,,,,,,,,,,,,,,,,,,,,,,,,,,,,,,,,,,,,,,,,,,,,,
783070.0,Robotics in VR_Close 1 generation,,,,,,,,,,,,,,,,,,,,,,,,,,,,,,,,,,,,,,,,,,,,,,,,
791040.0,Virtual Reality Neuron Tracer,,,,,,,,,,,,,,,,,,,,,,,,,,,,,,,,,,,,,,,,,0.01,0.01,0.01,0.17,0.12,0.21,0.25,0.26
810020.0,Belle II in Virtual Reality,,,,,,,,,,,,,,,,,,,,,,,,,,,,,,,,,,,,,,,,,,,,,,,,
810080.0,DMD Branefold,,,,,,,,,,,,,,,,,,,,,,,,,,,,,,,,,,,,,,,,,,,,,,,,
827280.0,School Fab Lab VR,,,,,,,,,,,,,,,,,,,,,,,,,,,,,,,,,,,,,,,,,,,,,,,,
831040.0,London Museum Of Water & Steam,,,,,,,,,,,,,,,,,,,,,,,,,,,,,,,,,,,,,,,,,,,,,,,,
834170.0,Chameleon Video Player,,,,,,,,,,,,,,,,,,,,,,,,,,,,,,,,,,,,,,,,,,,,,,,,
834410.0,Hacker News Reader,,,,,,,,,,,,,,,,,,,,,,,,,,,,,,,,,,,,,,,,,,,,,,,,
836690.0,HomestarVR,,,,,,,,,,,,,,,,,,,,,,,,,,,,,,,,,,,,,,,,,,,,,,,,
837510.0,Pixel Game Maker MV,14.64,14.03,23.57,12.28,15.97,13.95,16.61,18.44,24.86,26.31,22.49,27.25,30.98,28.88,38.35,29.93,44.89,38.7,40.98,42.41,37.85,35.89,40.9,41.35,45.33,56.63,45.63,42.76,52.13,45.76,46.87,50.29,40.35,42.12,38.46,39.86,48.2,52.29,48.37,41.0,42.92,43.66,45.63,41.65,39.92,40.75,42.19,42.15
856640.0,English Teaching Assistant VR,,,,,,,,,,,,,,,,,,,,,,,,,,,,,,,,,,,,,,,,,,,,,,,,
857320.0,SRPG Studio,23.46,21.63,14.38,17.63,22.88,16.81,18.46,14.59,13.74,15.95,19.28,22.41,27.56,24.26,23.78,25.82,34.99,27.62,40.66,32.25,26.69,23.38,33.39,33.12,35.42,35.13,33.07,30.9,30.54,26.56,28.6,30.31,27.27,24.71,27.25,31.12,31.61,26.54,24.6,32.7,35.02,34.62,38.63,38.38,36.57,33.8,33.68,36.8
863470.0,Cairo's Tale: The Big Egg,,,,,,,,,,,,,,,,,,,,,,,,,,,,,,,,,,,,,,,,,,,,,,,,
864760.0,Limouzik,,,,,,,,,,,,,,,,,,,,,,,,,,,,,,,,,,,,,,,,,,,,,,,,
871490.0,Munx VR,,,,,,,,,,,,,,,,,,,,,,,,,,,,,,,,,,,,,,,,,,,,,,,,
872440.0,rumii,,,,,,,,,,,,,,,,,,,,,,,,,,,,,,,,,,,,,,,,,,,,,,,,
873860.0,Pop Island - Let's Code !!!,,,,,,,,,,,,,,,,,,,,,,,,,,,,,,,,,,,,,,,,,,,,,,,,
875540.0,Virtual telescope,,,,,,,,,,,,,,,,,,,,,,,,,,,,,,,,,,,,,,,,,,,,,,,,
877850.0,TribeXR DJ School,,,,,,2.19,1.6,1.14,1.12,0.98,0.76,0.97,0.69,0.56,0.94,0.69,1.16,1.29,1.21,0.77,0.57,1.39,1.83,2.08,2.16,2.06,2.49,2.27,2.07,1.71,1.73,1.61,1.68,1.55,1.77,1.81,2.43,2.18,2.21,1.84,1.71,1.92,2.25,2.1,1.92,1.57,2.28,1.92
878880.0,AnyTime Organizer Deluxe 16,,,,,,,,,,,,,,,,,,,,,,,,,,,,,,,,,,,,,,,,,,,,,,,,
878890.0,AnyTime Organizer Standard 16,,,,,,,,,,,,,,,,,,,,,,,,,,,,,,,,,,,,,,,,,,,,,,,,
879660.0,10k,,,,,,,,,,,,,,,,,,,,,,,,,,,,,,,,,,,,,,,,,,,,,,,,
883290.0,MixCast,,,,,,,,,,,,,,,,,,,,,,,,,,,,,,,,,,,,,,,,,,,,,,,,
884460.0,Beyond Tokyo,,,,,,,,,,,,,,,,,,,,,,,,,,,,,,,,,,,,,,,,,,,,,,,,
891420.0,VR Model Viewer,,,,,,,,,,,,,,,,,,,,,,,,,,,,,,,,,,,,,,,,,,,,,,,,
907180.0,InductVR (beta),,,,,,,,,,,,,,,,,,,,,,,,,,,,,,,,,,,,,,,,,,,0.21,0.19,0.01,0.07,0.25,0.73
908290.0,Server Composer,,,,,,,,,,,,,,,,,,,,,,,,,,,,,,,,,,,,,,,,,,,,,,,,
910050.0,Coral Compass: Fighting Climate Change in Palau,,,,,,,,,,,,,,,,,,,,,,,,,,,,,,,,0.22,0.07,0.1,0.01,0.07,0.04,0.03,0.2,0.19,0.25,0.29,0.1,0.05,0.07,0.43,0.59,0.47
919280.0,"MovieMator Video Editor Pro - Movie Maker, Video Editing Software",6.16,7.78,8.56,11.68,12.39,19.24,20.09,17.09,16.61,17.53,16.66,18.46,19.96,19.33,18.83,22.05,21.92,20.97,20.41,19.26,17.9,17.85,18.04,19.59,19.76,19.89,19.32,18.04,17.32,16.13,13.01,14.72,13.58,12.14,12.29,14.44,14.9,12.41,11.79,11.99,10.92,11.51,10.63,10.58,10.97,11.56,11.33,11.93
923270.0,Rome Reborn: Roman Forum,,,,,,,,,,,,,,,,,,,,,,,,,,,,,,,,,,,,,,,,,,,,,,,,
925830.0,VR Anatomy,,,,,,,,,,,,,,,,,,,,,,,,,,,,,,,,,,,,,,,,,,,,,,,,
932480.0,GraviSound,,,,,,,,,,,,,,,,,,,,,,,,,,,,,,,,,,,,,,0.02,0.04,0.17,0.05,0.06,0.06,0.01,0.11,8.92,0.34,0.06
934710.0,英语杀,,,,,,,,,,,,,,,,,,,,,,,,,,,,,,,,,,,,,,,,,,,,,,,,
936080.0,Globe Geography 3D,,,,,,,,,,,,,,,,,,,,,,,,,,,,,,,,,,,,,,,,,,,,0.02,0.02,0.02,0.01,0.01
936100.0,Master of Typing,,,,,,,,,,,,,,,,,,,,,,,,,,,,,,,,,,,,,,,,,,,,,,,,
947240.0,神遊敦煌-莫高窟第61窟,,,,,,,,,,,,,,,,,,,,,,,,,,,,,,,,,,,,,,,,,,,,,,,,
947330.0,Rome Reborn: Flight over Ancient Rome,,,,,,,,,,,,,,,,,,,,,,,,,,,,,,,,,,,,,,,,,,,,,,,,
947340.0,Rome Reborn: The Pantheon,,,,,,,,,,,,,,,,,,,,,,,,,,,,,,,,,,,,,,,,,,,,,,,,
947350.0,Rome Reborn: The Basilica of Maxentius,,,,,,,,,,,,,,,,,,,,,,,,,,,,,,,,,,,,,,,,,,,,,,,,0.01
947360.0,Rome Reborn: The Colosseum District,,,,,,,,,,,,,,,,,,,,,,,,,,,,,,,,,,,,,,,,,,,,,,,,
963040.0,Webcam World View,,,,,,,,,,,,,,,,,,,,,,,,,,,,,,,,,,,,,,,,,,,,,,,,
965070.0,EduNumbers,,,,,,,,,,,,,,,,,,,,,,,,,,,,,,,,,,,,,,,,,,,,,,,,
969020.0,Movavi Video Editor 15 Plus - Video Editing Software,7.16,12.73,11.84,9.89,9.21,11.52,17.94,14.87,15.67,14.73,19.08,19.63,24.94,28.64,30.79,42.82,41.53,43.4,41.5,35.63,35.46,32.24,33.46,33.6,36.24,34.72,37.8,41.39,36.47,28.62,28.47,30.19,25.43,24.39,26.23,24.78,25.44,23.61,24.56,20.86,21.15,20.91,18.82,19.28,18.42,17.73,17.48,17.8
973360.0,Evenness Sensory Space,,,,,,,,,,,,,,,,,,,,,,,,,,,,,,,,,,,,,,,,,,,,,,,,
980740.0,Boise Historic Natatorium,,,,,,,,,,,,,,,,,,,,,,,,,,,,,,,,,,,,,,,,,,,,,,,,
982830.0,Cappasity Demo,,,,,,,,,,,,,,,,,,,,,,,,,,,,,,,,,,,,,,,,,,,,,,,,
996150.0,SUBURI,,,,,,,,,,,,,,,,,,,,,,,,,,,,,,,,,,,,,,,,,,,,,,,,
999880.0,NASA's Exoplanet Excursions,,,,,,,,,,,,,,,,,,,,,,,,,,,,,,,,,,,,,,,,,,,,,,,,
1000510.0,The Marvellous Machine,,,,,,,,,,,,,,,,,,,,,,,,,,,,,,,,,,,,,,,,,0.32,0.07,0.02,0.02,0.02,0.03,0.02,0.03
1012510.0,Greenland Melting,,,,,,,,,,,,,,,,,,,,,,,,,,,,,,,,,,,,,,,,,,,,,,,,
1018590.0,Virtual Diary,,,,,,,,,,,,,,,,,,,,,,,,,,,,,,,,,,,,,,,,,,,,,,,,
1023340.0,Radiant Ascent VR,,,,,,,,,,,,,,,,,,,,,,,,,,,,,,,,,,,,,,,,,,,,,,,,
1023710.0,KameaVR,,,,,,,,,,,,,,,,,,,,,,,,,,,,,,,,,,,,,,,,,,,,,,,,
1023940.0,VR-CPR Personal Edition,,,,,,,,,,,,,,,,,,,,,,,,,,,,,,,,,,,,,,,,,,,,,,,,
1024640.0,AppGameKit Studio,,,,,,,9.29,5.93,6.93,5.93,5.77,6.05,7.39,7.38,5.73,6.0,6.51,7.6,6.92,7.92,4.73,4.83,4.35,6.28,7.24,6.19,5.69,5.12,3.96,3.48,4.54,4.63,3.9,5.13,5.71,6.31,5.84,4.79,7.51,7.33,4.81,6.74,3.82,2.97,2.14,3.4,2.56,2.04
1035340.0,眼睛（眼球）结构研究,,,,,,,,,,,,,,,,,,,,,,,,,,,,,,,,,,,,,,,,,,,,,,,,
1046610.0,foreverloops BEATS,,,,,,,,,,,,,,,,,,,,,,,,,,,,,,,,,,,,,,,,,,,,,,,,
1046910.0,Dissection Simulator: Frog Edition,,,,,,,,,,,,,,,,,,,,,,,,,,,,,,,,,,,,,,,,,,,,,,,,
1058990.0,MissionMaker,,,,,,,,,,,,,,,,,,,,,,,,,,,,,,,,,,,,,,,,,,,,,,,,
1068620.0,The Crystal Reef,,,,,,,,,,,,,,,,,,,,,,,,,,,,,,,,,,,,,,,,,,,,,,,,
1074870.0,Typing Instructor for Kids Gold,,,,,,,,,,,,,,,,,,,,,,,,,,,,,,,,,,,,,,,,0.28,0.05,0.05,0.92,0.78,1.01,0.42,0.39,1.3
1074880.0,Typing Instructor Gold,,,,,,,,,,,,,,,,,,,,,,,,,,,,,,,,,,,,,,,,,,,,,,,,
1081600.0,Fractal Gallery VR,,,,,,,,,,,,,,,,,,,,,,,,,,,,,,,,,,,,,,,,,,,,,,,,
1081730.0,3D Organon VR Anatomy,,,,,,,,,,,,,,,,,,,,,,,,,,,,,,,,,,,,,,,,,,,,,,,,
1091220.0,Wavelength,,,,,,,,,,,,,,,,,,,,,,,,,,,,,,,,,,,,,,,,,,,,,,,,
1093310.0,Reebyte : Visual Novel and Interactive App Maker,,,,,,,,,,,,,,,,,,,,,,,,,,,,,,,,,,,,,,,,,,,,,,,0.16,0.1
1096900.0,RPG Maker MZ,,,,,,,,,,,,,,,,,,,,383.62,201.28,146.09,151.63,147.35,179.65,183.78,235.28,277.78,284.06,330.4,322.71,305.44,291.27,286.16,323.24,345.34,393.47,427.63,386.46,392.87,392.39,419.71,465.2,443.16,425.01,414.72,411.13,425.73
1099550.0,3D Organon Anatomy,,,,,,,,1.09,1.08,1.88,1.36,1.57,1.25,1.43,2.0,1.48,1.37,2.27,5.49,2.18,6.73,6.24,8.41,5.99,3.21,2.6,2.87,5.62,4.84,3.71,3.42,5.05,9.2,10.64,7.11,5.04,2.52,1.89,3.08,3.21,2.93,1.5,1.24,3.2,4.34,5.19,5.9,4.31
1102770.0,Cappasity VR Store Demo,,,,,,,,,,,,,,,,,,,,,,,,,,,,,,,,,,,,,,,,,,,,,,,,
1114720.0,四景山水圖．秋景 Landscapes of the Four Seasons,,,,,,,,,,,,,,,,,,,,,,,,,,,,,,,,,,,,,,,,,,,,,,,,
1119570.0,Discord Bot Builder,,,,,,,,,,,,,0.28,0.19,0.61,0.56,0.36,0.9,0.58,0.71,1.88,2.12,2.62,2.67,3.75,6.3,6.93,6.34,6.04,6.25,6.33,8.41,8.1,5.58,7.87,7.56,6.79,7.62,7.27,7.03,6.87,6.96,8.6,7.98,7.66,7.61,7.8,6.39
1125100.0,akeytsu Indie 2020,,,,,,,,,,,,,,,,,,,,,,,,,,,,,,,,,,,,,,,,,,,,,,,,
1125980.0,VoxelSuite,,,,,,,,,,,,,,,,,,,,,,,,,,,,,,,,,,,,,,,,,,,,,,,,
1136210.0,Ghost Productions: Wraith VR Total Knee Replacement Surgery Simulation,,,,,,,,,,,,,,,,,,,,,,,,,,,,,,,,,,,,,,,,,,,,,,,,
1140420.0,Quantism,,,,,,,,,,,,,,,,,,,,,,,,,,,,,,,,,,,,,,,,,,,,,,,,
1148910.0,ShapeWorks,,,,,,,,,,,,,,,,,,,,,,,,,,,,,,,,,,,,,,,,,,,,,,,,
1148960.0,Kids Cartoon Maker,,,,,,,,,,,,,,,,,,,,,,,,,,,,,,,,,,,,,,,,,,,,,,,,
1153860.0,Instacalm VR,,,,,,,,,,,,,,,,,,,,,,,,,,,,,,,,,,,,,,,,,,,,,,,,
1165000.0,Chameleon Gallery,,,,,,,,,,,,,,,,,,,,,,,,,,,,,,,,,,,,,,,,,,,,,,,,
1170750.0,MOR...E TRAINER (Learning Morse Code),,,,,,,,,,,,,,,,,,,,,,,,,,,,,,,,,,,,,,,,,,,,,,,,
1172310.0,Mona Lisa: Beyond The Glass,,,,,,,,,,,,,,,,,,,,,,,,,,,,,,,,,,,,,,,,,,1.28,1.17,0.36,0.77,0.29,1.34,0.93
1176110.0,AudioTheory Guitars,,,,,,,,,,,,,,,,,,,,,,,,,,,,,,,,,,,,,,,,,,,,,,,,
1178570.0,Dissection Simulator: Feline Edition,,,,,,,,,,,,,,,,,,,,,,,,,,,,,,,,,,,,,,,,,,,,,,,,
1180560.0,Abelana's Atom Maker,,,,,,,,,,,,,,,,,,,,,,,,,,,,,,,,,,,,,,,,,,,,,,,,
1187140.0,Elementary Anatomy: With Story Mode,,,,,,,,,,,,,,,,,,,,,,,,,,,,,,,,,,,,,,,,,,,,,,,,
1190750.0,GameAssistant: The Tool For Every Gamer,,,,,,,,,,,,,,,,,,,,,,,,,,,,,,,,,,,,,,,,,,,,,,,,
1194690.0,Creatry — Easy Game Maker & Game Builder App,,,,,,,,,,,,,,,,,,,,,,,,,,,,,,,,,,,,,,,,,,,,,,,,
1202360.0,VR Gigapixel Gallery,,,,,,,,,,,,,,,,,,,,,,,,,,,,,,,,,,,,,,,,,,,,,,,,
1206740.0,Omnify Hotspot - The Best Wi-Fi Hotspot & Repeater,,,,,,,,,,,,,14.08,17.43,23.63,21.11,17.49,12.67,8.7,8.71,9.67,8.08,6.52,4.03,4.33,5.67,4.04,4.32,4.33,5.45,4.56,4.61,3.6,3.61,3.77,5.2,9.48,6.65,5.64,3.34,2.29,3.2,3.76,10.18,6.9,7.01,5.78,6.03
1208910.0,Real Orchestra,,,,,,,,,,,,,,,,,,,,,,,,,,,,,,,,,,,,,,,,,,,,,,,,
1214640.0,StellarX,,,,,,,,,,,,,,,,,,,,,,,,,,,,,,,,,,,,,,,,,,,,,,0.13,1.22,1.09
1221980.0,Family Tree Heritage Gold,,,,,,,,,,,,,,,,,,,,,,,,,,,,,,,,,,,,,,,,,,,,,,,,
1228470.0,Ship Surveyor Through the Ages - VR,,,,,,,,,,,,,,,,,,,,,,,,,,,,,,,,,,,,,,,,,,,,,,,,
1229740.0,LUX SINE,,,,,,,,,,,,,,,,,,,,,,,,,,,,,,,,,,,,,,,,,,,,,,,,
1232920.0,Parliament - Parlement,,,,,,,,,,,,,,,,,,,,,,,,,,,,,,,,,,,,,,,,,,,,,,,,
1241250.0,Notera,,,,,,,,,,,,,,,,,,,,,,,,,,,,,,,,,,,,,,,,,,,,,,,,
1242830.0,Dry Visit - Virtual Underwater Visit - iMARECulture,,,,,,,,,,,,,,,,,,,,,,,,,,,,,,,,,,,,,,,,,,,,,,,,
1242850.0,Movavi Slideshow Maker,,,,,,,,,,,,,,,,,,,,,,,,,,,,,,,,,,,,,,,,,,,,,,,,
1247290.0,GameGuru MAX,,,,,,,,,,,,,,,,,,,,,,,,,,,,,,,,,,,,,,,,12.4,11.49,9.37,9.95,9.55,10.27,10.26,7.89,9.22
1250170.0,Fire Safety Lab VR,,,,,,,,,,,,,,,,,,,,,,,,,,,,,,,,,,,,,,,,,,,,,,,,
1259480.0,Pteranodon's Flight: The Flying Dinosaur Game,,,,,,,,,,,,,,,,,,,,,,,,,,,,,,,,,,,,,,,,,,,,,,,,
1260310.0,ASTRA-256 Assembler,,,,,,,,,,,,,,,,,,,,,,,,,,,,,,,,,,,,,,,,,,,,,,,,
1271450.0,Sama Learning,,,,,,,,,,,,,,,,,,,,,,,,,,,,,,,,,,,,,,,,,,,,,,,,
1276180.0,Inside Explorer,,,,,,,,,,,,,,,,,,,,,,,,,,,,,,,,,,,,,,,,,,,,,,,0.32,1.0
1278000.0,HistoryMaker VR,,,,,,,,,,,,,,,,,,,,,,,,,,,,,,,,,,,,,,,,,,,,,,,,
1283970.0,YoloMouse,,,,,,,,,,,,,,,,,32.66,72.9,314.01,622.17,1000.3,1406.64,1575.07,1730.55,2208.94,2751.66,2940.75,3049.3,3237.7,3074.83,3103.75,3390.49,3245.83,3171.29,3125.88,2579.13,2975.24,3020.26,3116.97,3364.26,3586.37,3824.15,3615.46,3676.69,3857.68,3961.56,4007.87,4190.09
1302840.0,Kooring VR Coding Adventure,,,,,,,,,,,,,,,,,,,,,,,,,,,,,,,,,,,,,,,,,,,,,,,,
1318030.0,Fractal Alchemist,,,,,,,,,,,,,,,,,,,,,,,,,,,,,,,,,,,,,,,,,,,,,,,,
1326710.0,TIGER GAME ASSETS,,,,,,,,,,,,,,,,,,,,,,,,,,,,,,,,,,,,,,,,,,,,,,,,
1329250.0,Refrigerant Recovery Simulation,,,,,,,,,,,,,,,,,,,,,,,,,,,,,,,,,,,,,,,,,,,,,,,,
1337060.0,LabTrainingVR: Biosafety Cabinet Edition,,,,,,,,,,,,,,,,,,,,,,,,,,,,,,,,,,,,,,,,,,,,,,,,
1355640.0,SYNTHSPACE,,,,,,,,,,,,,,,,,,,,,,,,,,,,,,,,,,,,,,,,,,,,,,,,
1361450.0,Hadrian's Villa Reborn: South Theater,,,,,,,,,,,,,,,,,,,,,,,,,,,,,,,,,,,,,,,,,,,,,,,,
1370800.0,Baalbek Reborn: Temples,,,,,,,,,,,,,,,,,,,,,,,,,,,,,,,,,,,,,,,,,,,,,,,,
1375110.0,History of Korea - VR,,,,,,,,,,,,,,,,,,,,,,,,,,,,,,,,,,,,,,,,,,,,,,,,
1376260.0,HTML5 Javascript Game Engine,,,,,,,,,,,,,,,,,,,,,,,,,,,,,,,,,,,,,,,,,,,,,,,,
1380110.0,Sprite Basic 2 Game Engine,,,,,,,,,,,,,,,,,,,,,,,,,,,,,,,,,,,,,,,,,,,,,,,,
1384890.0,Flag Collection,,,,,,,,,,,,,,,,,,,,,,,,,,,,,,,,,,,,,,,,,,,,,,,,0.89
1386180.0,Bitty Engine,,,,,,,,,,,,,,,,,,,,,,,,,,,,,,,,,,,,,,,,,,,,,,,,
1388380.0,SituationCovid,,,,,,,,,,,,,,,,,,,,,,,,,,,,,,,,,,,,,,,,,,,,,,,,
1403800.0,Movavi Picverse - Photo Editing Software,,,,,,,,,,,,,,,,,,,,,,,,,,,,,,,,,,,,,,,,,,,,,,,,
1418800.0,Movavi Video Editor Plus 2021 - Video Editing Software,,,,,,,,,,,,,,,,,,,,,,,4.39,8.16,16.79,19.35,17.28,20.34,27.12,27.83,37.2,36.94,46.32,70.36,68.19,67.81,70.68,67.9,63.64,62.31,59.53,61.01,62.49,65.25,63.53,62.4,60.78,59.21
1418970.0,"Movavi Video Suite 2021 Steam Edition -- Video Making Software - Video Editor, Screen Recorder and Video Converter",,,,,,,,,,,,,,,,,,,,,,,2.62,6.12,13.11,14.56,16.87,18.08,19.44,20.35,23.06,22.6,22.91,21.66,22.66,26.05,25.14,22.33,18.94,19.46,17.83,18.89,16.23,18.12,18.09,19.75,18.04,15.87
1420890.0,VA Framework - Build Your AI,,,,,,,,,,,,,,,,,,,,,,,,,,,,,,,,,,,,,,,,,,,,,,,,
1420930.0,Movavi Slideshow Maker 8,,,,,,,,,,,,,,,,,,,,,,,,,,,1.24,2.08,1.83,2.14,1.49,1.61,1.35,1.31,0.96,1.23,1.39,1.55,1.09,1.2,1.12,1.07,1.8,1.03,1.25,3.2,1.88,1.52
1435700.0,Roald Amundsen's House,,,,,,,,,,,,,,,,,,,,,,,,,,,,,,,,,,,,,,,,,,,,,,,,
1445310.0,JWildfire,,,,,,,,,,,,,,,,,,,,,,,3.05,6.16,9.4,9.43,8.13,11.12,8.67,8.2,7.79,9.74,12.37,14.68,13.13,12.59,14.73,13.29,11.76,11.66,10.24,10.15,10.14,10.09,9.62,11.72,11.29,11.04
1450860.0,Typing Fingers,,,,,,,,,,,,,,,,,,,,,,,,,,,,,,,,,,,,,,,,,,,,,,,,
1454060.0,Shooty,,,,,,,,,,,,,,,,,,,,,,,,,,,,,,,,,,,,,,,,,,,,,,,,
1461580.0,Molecule Builder,,,,,,,,,,,,,,,,,,,,,,,,,,,,,,,,,,,,,,,,,,,,,,,,
1467560.0,Desktop Panels,,,,,,,,,,,,,,,,,,,,,,,,,,,,,,,,,,,,,,,,,,,,,,,,
1468090.0,akeytsu Indie 2021,,,,,,,,,,,,,,,,,,,,,,,,,,,,,,,,,,,,,,,0.61,0.73,0.84,1.12,1.27,1.47,1.36,1.49,1.01,1.01
1471980.0,MedicalImagingVR,,,,,,,,,,,,,,,,,,,,,,,,,,,,,,,,,,,,,,,,,,,,,,,,
1477830.0,HudSight - custom crosshair overlay,,,,,,,,,,,,,,,,,,,,,,,,,15.98,51.18,105.24,163.64,215.9,239.18,283.39,316.32,309.17,311.1,315.92,358.85,453.26,457.66,452.49,501.11,522.28,516.67,535.8,527.4,549.21,518.37,513.0,585.81
1483360.0,VR Library: Beyond Reading,,,,,,,,,,,,,,,,,,,,,,,,,,,,,,,,,,,,,,,,,,,,,,,0.65,1.01
1485380.0,iGuide Knossos VR,,,,,,,,,,,,,,,,,,,,,,,,,,,,,,,,,,,,,,,,,,,,,,,,
1487610.0,ISLAND MIRRORGE VR,,,,,,,,,,,,,,,,,,,,,,,,,,,,,,,,,,,,,,,,,,,,,,,,
1497120.0,Movavi Screen Recorder 22,,,,,,,,,,,,,,,,,,,,,,,,,,,,2.06,3.08,4.08,6.45,7.95,11.99,38.45,36.33,30.21,30.03,26.58,30.44,26.99,28.3,27.14,23.38,23.61,26.02,28.53,25.86,25.15
1497850.0,SNIPER,,,,,,,,,,,,,,,,,,,,,,,,,,,,,,,,,,,,,,,,,,,,,,,,
1498990.0,PD Howler 21,,,,,,,,,,,,,,,,,,,,,,,,,,,,,,,,,,,,,,,,,,,,,,,,
1513510.0,AudioTheory Piano Keys,,,,,,,,,,,,,,,,,,,,,,,,,,,,,,,,,,,,,,,,,,,,,,,,
1515390.0,Splunk VR,,,,,,,,,,,,,,,,,,,,,,,,,,,,,,,,,,,,,,,,,,,,,,,,
1520950.0,ChatManager,,,,,,,,,,,,,,,,,,,,,,,,,,,,,,,,,,,,,,,,,,,,,,,,
1533430.0,LOCO music,,,,,,,,,,,,,,,,,,,,,,,,,,,,,,,,,,,,,,,,,,,,,,,,
1538090.0,Virtual Orator,,,,,,,,,,,,,,,,,,,,,,,,,,,,,,,,,,,,,,,,,,,,,,,,
1544600.0,JS Page,,,,,,,,,,,,,,,,,,,,,,,,,,,,,,,,,,,,,,,,,,,,,,,,
1556140.0,Show me VR,,,,,,,,,,,,,,,,,,,,,,,,,,,,,,,,,,,,,,,,,,,,,,,,
1588390.0,FaceWorld,,,,,,,,,,,,,,,,,,,,,,,,,,,,,,,,,,,,,,,,,,,,,,,,
1632910.0,MemeNgin,,,,,,,,,,,,,,,,,,,,,,,,,,,,,,,,,,,,,,,,,,,,,,,,
1659070.0,Charisma X: Bulk Instagram Media Downloader,,,,,,,,,,,,,,,,,,,,,,,,,,,,,,,,,,,,,,,,,,,,,,,,
1661460.0,CodeWorks: Visual Scripting Framework for GameGuru,,,,,,,,,,,,,,,,,,,,,,,,,,,,,,,,,,,,,,,,,,,,,,,,
1668660.0,Radio,,,,,,,,,,,,,,,,,,,,,,,,,,,,,,,,,,,,,,,,,,,,,,,,
1675910.0,Mavis Beacon Teaches Typing,,,,,,,,,,,,,,,,,,,,,,,,,,,,,,,,,,,,,,,,,,,,,,,,
1690580.0,Forensic EduSim,,,,,,,,,,,,,,,,,,,,,,,,,,,,,,,,,,,,,,,,,,,,,,,,
1734480.0,Neondrops,,,,,,,,,,,,,,,,,,,,,,,,,,,,,,,,,,,,,,,,,,,,,,,,
1746920.0,Claydo:Easy 3D Modelling & Printing,,,,,,,,,,,,,,,,,,,,,,,,,,,,,,,,,,,,,,,,,,,,,,,,
1765590.0,Workshop Tools,,,,,,,,,,,,,,,,,,,,,,,,,,,,,,,,,,,,,,,,,,,,,,,,
1771540.0,ZenVR,,,,,,,,,,,,,,,,,,,,,,,,,,,,,,,,,,,,,,,,,,,,,,,,
1783530.0,Movavi Video Editor Plus 2022 - Video Editing Software,,,,,,,,,,,,,,,,,,,,,,,,,,,,,,,,,,,3.98,6.08,10.64,12.81,14.48,16.14,24.25,24.67,22.9,24.74,25.78,24.76,25.05,24.37
1783540.0,"Movavi Video Suite 2022 Steam Edition - Video Making Software: Video Editor Plus, Screen Recorder and Video Converter Premium",,,,,,,,,,,,,,,,,,,,,,,,,,,,,,,,,,,,3.54,11.11,14.92,14.91,15.6,14.71,14.19,18.33,19.96,25.58,29.09,31.85,30.9
1799520.0,The Legend of Pomodoro,,,,,,,,,,,,,,,,,,,,,,,,,,,,,,,,,,,,,,3.8,4.97,7.68,8.03,7.85,9.73,9.03,7.4,6.32,7.09,6.23
1816100.0,VR Tablet PC,,,,,,,,,,,,,,,,,,,,,,,,,,,,,,,,,,,,,,,,,,,,,,,,
1832710.0,AstroBytes: Vedic Astrology Future Predictor,,,,,,,,,,,,,,,,,,,,,,,,,,,,,,,,,,,,,,,,,,,,,,,,
1833910.0,游戏玩家中医体质测试及养生指南,,,,,,,,,,,,,,,,,,,,,,,,,,,,,,,,,,,,,,,,,,,,,,,,
1847210.0,中国传统武术 八卦掌 六十四手 Chinese martial arts (kungfu) The 64 Hands of Bagua Zhang,,,,,,,,,,,,,,,,,,,,,,,,,,,,,,,,,,,,,,,,,,,,,,,,
1867640.0,观星VR / Oriental stars,,,,,,,,,,,,,,,,,,,,,,,,,,,,,,,,,,,,,,,,,,,,,,,,
1870810.0,Visualis Electromagnetism,,,,,,,,,,,,,,,,,,,,,,,,,,,,,,,,,,,,,,,,,,,,,,,,
1876660.0,Start Programming,,,,,,,,,,,,,,,,,,,,,,,,,,,,,,,,,,,,,,,,,,,,,,,,
1879730.0,Marine Radar Simulator - VR,,,,,,,,,,,,,,,,,,,,,,,,,,,,,,,,,,,,,,,,,,,,,,,,
1884960.0,Chordwatch,,,,,,,,,,,,,,,,,,,,,,,,,,,,,,,,,,,,,,,,,,,,,,0.86,0.86,1.14
1897570.0,Visualis Dynamics,,,,,,,,,,,,,,,,,,,,,,,,,,,,,,,,,,,,,,,,,,,,,,,,
1923640.0,RecMaster Pro - Gameplay & Screen Recorder,,,,,,,,,,,,,,,,,,,,,,,,,,,,,,,,,,,,,,,,,,,,,,1.18,1.15,1.41
1927000.0,PlanetVRium,,,,,,,,,,,,,,,,,,,,,,,,,,,,,,,,,,,,,,,,,,,,,,,,
1949650.0,OZ Chord Player,,,,,,,,,,,,,,,,,,,,,,,,,,,,,,,,,,,,,,,,,,,,,,,,
1969790.0,Capture Note,,,,,,,,,,,,,,,,,,,,,,,,,,,,,,,,,,,,,,,,,,,,,,,,
1982310.0,NeoPiano,,,,,,,,,,,,,,,,,,,,,,,,,,,,,,,,,,,,,,,,,,,,,,,,1.34
1985200.0,Home Designer - Architecture,,,,,,,,,,,,,,,,,,,,,,,,,,,,,,,,,,,,,,,,,,,,,,,,
2010920.0,Symphony Of Motion,,,,,,,,,,,,,,,,,,,,,,,,,,,,,,,,,,,,,,,,,,,,,,,,
2138380.0,Goliath: Playing With Reality,,,,,,,,,,,,,,,,,,,,,,,,,,,,,,,,,,,,,,,,,,,,,,,,
2171280.0,Movavi Video Editor 2023,,,,,,,,,,,,,,,,,,,,,,,,,,,,,,,,,,,,,,,,,,,,,,,,5.73
2171290.0,"Movavi Video Suite 2023 Steam Edition - An all-in-one video maker: an editor, converter, screen recorder, and more!",,,,,,,,,,,,,,,,,,,,,,,,,,,,,,,,,,,,,,,,,,,,,,,2.4,6.09
2171300.0,Movavi Photo Editor 23,,,,,,,,,,,,,,,,,,,,,,,,,,,,,,,,,,,,,,,,,,,,,,,,
2238270.0,ComputerKeyboard,,,,,,,,,,,,,,,,,,,,,,,,,,,,,,,,,,,,,,,,,,,,,,,,
